Country or Area,Year,Value,Value Footnotes
Afghanistan,2015,,
Afghanistan,2010,,
Afghanistan,2005,,
Afghanistan,2000,31,
Afghanistan,1995,,
Afghanistan,1990,,
Albania,2015,,
Albania,2010,,
Albania,2005,4.3,
Albania,2000,6.1,
Albania,1995,,
Albania,1990,4,
Algeria,2015,,
Algeria,2010,,
Algeria,2005,,
Algeria,2000,48.9,
Algeria,1995,,
Algeria,1990,38,
Andorra,2015,,
Andorra,2010,,
Andorra,2005,,
Andorra,2000,,
Andorra,1995,,
Andorra,1990,,
Angola,2015,,
Angola,2010,,
Angola,2005,0.5,
Angola,2000,0.4,
Angola,1995,,
Angola,1990,,
Antigua and Barbuda,2015,8.5,
Antigua and Barbuda,2010,,
Antigua and Barbuda,2005,8.5,
Antigua and Barbuda,2000,9,
Antigua and Barbuda,1995,,
Antigua and Barbuda,1990,3.3,
Argentina,2015,,
Argentina,2010,4.3,
Argentina,2005,,
Argentina,2000,,
Argentina,1995,3.3,
Argentina,1990,,
Armenia,2015,,
Armenia,2010,37.9,
Armenia,2005,36.8,
Armenia,2000,22.3,
Armenia,1995,37.6,
Armenia,1990,,
Australia,2015,3.9,
Australia,2010,3.2,
Australia,2005,3.8,
Australia,2000,4.4,
Australia,1995,4.5,
Australia,1990,,
Austria,2015,,
Austria,2010,,
Austria,2005,,
Austria,2000,4.7,
Austria,1995,4.7,
Austria,1990,4.9,
Azerbaijan,2015,,
Azerbaijan,2010,34.5,
Azerbaijan,2005,35.2,
Azerbaijan,2000,29,
Azerbaijan,1995,36.1,
Azerbaijan,1990,,
Bahamas,2015,,
Bahamas,2010,,
Bahamas,2005,,
Bahamas,2000,,
Bahamas,1995,,
Bahamas,1990,,
Bahrain,2015,,
Bahrain,2010,,
Bahrain,2005,205.8,
Bahrain,2000,,
Bahrain,1995,,
Bahrain,1990,161.1,
Bangladesh,2015,,
Bangladesh,2010,2.9,
Bangladesh,2005,,
Bangladesh,2000,,
Bangladesh,1995,,
Bangladesh,1990,,
Barbados,2015,,
Barbados,2010,,
Barbados,2005,87.5,
Barbados,2000,,
Barbados,1995,58.2,
Barbados,1990,,
Belarus,2015,,
Belarus,2010,,
Belarus,2005,,
Belarus,2000,7.5,
Belarus,1995,,
Belarus,1990,4.7,
Belgium,2015,,
Belgium,2010,,
Belgium,2005,34,
Belgium,2000,41.2,
Belgium,1995,41.6,
Belgium,1990,,
Belize,2015,,
Belize,2010,,
Belize,2005,,
Belize,2000,0.5,
Belize,1995,,
Belize,1990,,
Benin,2015,,
Benin,2010,,
Benin,2005,,
Benin,2000,0.5,
Benin,1995,,
Benin,1990,,
Bhutan,2015,,
Bhutan,2010,0.4,
Bhutan,2005,,
Bhutan,2000,,
Bhutan,1995,,
Bhutan,1990,,
Bolivia,2015,,
Bolivia,2010,0.4,
Bolivia,2005,,
Bolivia,2000,,
Bolivia,1995,,
Bolivia,1990,,
Bosnia and Herzegovina,2015,,
Bosnia and Herzegovina,2010,0.9,
Bosnia and Herzegovina,2005,0.9,
Bosnia and Herzegovina,2000,,
Bosnia and Herzegovina,1995,,
Bosnia and Herzegovina,1990,,
Botswana,2015,,
Botswana,2010,,
Botswana,2005,,
Botswana,2000,1.6,
Botswana,1995,1.2,
Botswana,1990,0.9,
Brazil,2015,,
Brazil,2010,0.9,
Brazil,2005,0.7,
Brazil,2000,,
Brazil,1995,0.6,
Brazil,1990,,
Brunei Darussalam,2015,,
Brunei Darussalam,2010,,
Brunei Darussalam,2005,,
Brunei Darussalam,2000,,
Brunei Darussalam,1995,1.1,
Brunei Darussalam,1990,0.9,
Bulgaria,2015,,
Bulgaria,2010,28.7,
Bulgaria,2005,29.1,
Bulgaria,2000,26.7,
Bulgaria,1995,,
Bulgaria,1990,35.2,
Burkina Faso,2015,,
Burkina Faso,2010,,
Burkina Faso,2005,6.1,
Burkina Faso,2000,5.3,
Burkina Faso,1995,,
Burkina Faso,1990,2.8,
Burundi,2015,,
Burundi,2010,,
Burundi,2005,,
Burundi,2000,2.3,
Burundi,1995,,
Burundi,1990,,
Cambodia,2015,,
Cambodia,2010,,
Cambodia,2005,0.5,
Cambodia,2000,,
Cambodia,1995,,
Cambodia,1990,,
Cameroon,2015,,
Cameroon,2010,,
Cameroon,2005,,
Cameroon,2000,0.3,
Cameroon,1995,,
Cameroon,1990,0.1,
Canada,2015,,
Canada,2010,,
Canada,2005,,
Canada,2000,,
Canada,1995,,
Canada,1990,,
Cape Verde,2015,,
Cape Verde,2010,,
Cape Verde,2005,,
Cape Verde,2000,6.8,
Cape Verde,1995,,
Cape Verde,1990,,
Central African Republic,2015,,
Central African Republic,2010,,
Central African Republic,2005,0.05,
Central African Republic,2000,0.05,
Central African Republic,1995,,
Central African Republic,1990,,
Chad,2015,,
Chad,2010,,
Chad,2005,1.9,
Chad,2000,1.9,
Chad,1995,,
Chad,1990,,
Chile,2015,,
Chile,2010,,
Chile,2005,3.8,
Chile,2000,2.7,
Chile,1995,,
Chile,1990,2.2,
China,2015,,
China,2010,,
China,2005,19.5,
China,2000,,
China,1995,18.5,
China,1990,17.6,
Colombia,2015,,
Colombia,2010,0.5,
Colombia,2005,,
Colombia,2000,0.3,
Colombia,1995,,
Colombia,1990,,
Comoros,2015,,
Comoros,2010,,
Comoros,2005,,
Comoros,2000,0.8,
Comoros,1995,,
Comoros,1990,,
Congo,2015,,
Congo,2010,,
Congo,2005,,
Congo,2000,0.006,
Congo,1995,,
Congo,1990,,
Cook Islands,2015,,
Cook Islands,2010,,
Cook Islands,2005,,
Cook Islands,2000,,
Cook Islands,1995,,
Cook Islands,1990,,
Costa Rica,2015,2.1,
Costa Rica,2010,,
Costa Rica,2005,,
Costa Rica,2000,,
Costa Rica,1995,,
Costa Rica,1990,,
Cote d'Ivoire,2015,,
Cote d'Ivoire,2010,,
Cote d'Ivoire,2005,1.8,
Cote d'Ivoire,2000,1.7,
Cote d'Ivoire,1995,1.5,
Cote d'Ivoire,1990,1.3,
Croatia,2015,,
Croatia,2010,0.6,
Croatia,2005,,
Croatia,2000,,
Croatia,1995,,
Croatia,1990,,
Cuba,2015,18.3,
Cuba,2010,,
Cuba,2005,11.6,
Cuba,2000,,
Cuba,1995,13.7,
Cuba,1990,,
Cyprus,2015,,
Cyprus,2010,17.6,
Cyprus,2005,21,
Cyprus,2000,21.9,
Cyprus,1995,26.7,
Cyprus,1990,28.6,
Czech Republic,2015,,
Czech Republic,2010,,
Czech Republic,2005,12.9,
Czech Republic,2000,13.3,
Czech Republic,1995,19,
Czech Republic,1990,,
Democratic Republic of the Congo,2015,,
Democratic Republic of the Congo,2010,,
Democratic Republic of the Congo,2005,0.05,
Democratic Republic of the Congo,2000,0.05,
Democratic Republic of the Congo,1995,,
Democratic Republic of the Congo,1990,,
Denmark,2015,,
Denmark,2010,10.8,
Denmark,2005,9.2,
Denmark,2000,11.2,
Denmark,1995,,
Denmark,1990,18.6,
Djibouti,2015,,
Djibouti,2010,,
Djibouti,2005,,
Djibouti,2000,6.3,
Djibouti,1995,,
Djibouti,1990,,
Dominica,2015,,
Dominica,2010,,
Dominica,2005,,
Dominica,2000,,
Dominica,1995,,
Dominica,1990,,
Dominican Republic,2015,,
Dominican Republic,2010,30.4,
Dominican Republic,2005,26,
Dominican Republic,2000,16.5,
Dominican Republic,1995,39.7,
Dominican Republic,1990,,
Ecuador,2015,,
Ecuador,2010,,
Ecuador,2005,2.2,
Ecuador,2000,2,
Ecuador,1995,,
Ecuador,1990,,
Egypt,2015,,
Egypt,2010,,
Egypt,2005,,
Egypt,2000,97.8,
Egypt,1995,100.6,
Egypt,1990,,
El Salvador,2015,,
El Salvador,2010,,
El Salvador,2005,8.1,
El Salvador,2000,5.2,
El Salvador,1995,,
El Salvador,1990,2.8,
Equatorial Guinea,2015,,
Equatorial Guinea,2010,,
Equatorial Guinea,2005,,
Equatorial Guinea,2000,0.07,
Equatorial Guinea,1995,,
Equatorial Guinea,1990,,
Eritrea,2015,,
Eritrea,2010,,
Eritrea,2005,8,
Eritrea,2000,5.7,
Eritrea,1995,,
Eritrea,1990,,
Estonia,2015,,
Estonia,2010,,
Estonia,2005,14,
Estonia,2000,11.4,
Estonia,1995,1.2,
Estonia,1990,,
Ethiopia,2015,,
Ethiopia,2010,,
Ethiopia,2005,,
Ethiopia,2000,4.6,
Ethiopia,1995,,
Ethiopia,1990,,
Faeroe Islands,2015,,
Faeroe Islands,2010,,
Faeroe Islands,2005,,
Faeroe Islands,2000,,
Faeroe Islands,1995,,
Faeroe Islands,1990,,
Fiji,2015,,
Fiji,2010,,
Fiji,2005,,
Fiji,2000,0.3,
Fiji,1995,,
Fiji,1990,,
Finland,2015,,
Finland,2010,,
Finland,2005,1.5,
Finland,2000,2.1,
Finland,1995,2.4,
Finland,1990,2.1,
France,2015,,
France,2010,,
France,2005,14.8,
France,2000,15.3,
France,1995,14.4,
France,1990,17.9,
Gabon,2015,,
Gabon,2010,,
Gabon,2005,0.08,
Gabon,2000,0.07,
Gabon,1995,,
Gabon,1990,,
Gambia,2015,,
Gambia,2010,,
Gambia,2005,,
Gambia,2000,1.1,
Gambia,1995,,
Gambia,1990,,
Georgia,2015,,
Georgia,2010,2.9,
Georgia,2005,2.9,
Georgia,2000,,
Georgia,1995,,
Georgia,1990,5.5,
Germany,2015,,
Germany,2010,,
Germany,2005,20.9,
Germany,2000,25.4,
Germany,1995,29.4,
Germany,1990,,
Ghana,2015,,
Ghana,2010,,
Ghana,2005,,
Ghana,2000,1.7,
Ghana,1995,,
Ghana,1990,,
Greece,2015,,
Greece,2010,,
Greece,2005,13.8,
Greece,2000,13.5,
Greece,1995,,
Greece,1990,10.3,
Grenada,2015,,
Grenada,2010,,
Grenada,2005,,
Grenada,2000,,
Grenada,1995,,
Grenada,1990,,
Guatemala,2015,,
Guatemala,2010,,
Guatemala,2005,2.6,
Guatemala,2000,,
Guatemala,1995,,
Guatemala,1990,,
Guinea,2015,,
Guinea,2010,,
Guinea,2005,,
Guinea,2000,0.2,
Guinea,1995,,
Guinea,1990,,
Guinea-Bissau,2015,,
Guinea-Bissau,2010,,
Guinea-Bissau,2005,,
Guinea-Bissau,2000,0.6,
Guinea-Bissau,1995,0.6,
Guinea-Bissau,1990,0.05,
Guyana,2015,,
Guyana,2010,0.5,
Guyana,2005,,
Guyana,2000,0.6,
Guyana,1995,,
Guyana,1990,0.5,
Haiti,2015,,
Haiti,2010,10.3,
Haiti,2005,,
Haiti,2000,8.6,
Haiti,1995,,
Haiti,1990,7,
Honduras,2015,,
Honduras,2010,,
Honduras,2005,1.7,
Honduras,2000,,
Honduras,1995,,
Honduras,1990,,
Hungary,2015,,
Hungary,2010,,
Hungary,2005,5.4,
Hungary,2000,5.6,
Hungary,1995,,
Hungary,1990,,
Iceland,2015,,
Iceland,2010,,
Iceland,2005,0.1,
Iceland,2000,0.1,
Iceland,1995,,
Iceland,1990,0.1,
India,2015,,
India,2010,33.9,
India,2005,,
India,2000,31.9,
India,1995,,
India,1990,26.2,
Indonesia,2015,,
Indonesia,2010,,
Indonesia,2005,,
Indonesia,2000,5.6,
Indonesia,1995,,
Indonesia,1990,3.7,
Iran (Islamic Republic of),2015,,
Iran (Islamic Republic of),2010,,
Iran (Islamic Republic of),2005,67.8,
Iran (Islamic Republic of),2000,65.5,
Iran (Islamic Republic of),1995,60.6,
Iran (Islamic Republic of),1990,,
Iraq,2015,,
Iraq,2010,,
Iraq,2005,,
Iraq,2000,73.4,
Iraq,1995,60.5,
Iraq,1990,47.6,
Ireland,2015,,
Ireland,2010,,
Ireland,2005,,
Ireland,2000,,
Ireland,1995,,
Ireland,1990,,
Israel,2015,,
Israel,2010,,
Israel,2005,79.7,
Israel,2000,86.7,
Israel,1995,,
Israel,1990,89,
Italy,2015,,
Italy,2010,,
Italy,2005,,
Italy,2000,23.6,
Italy,1995,,
Italy,1990,,
Jamaica,2015,,
Jamaica,2010,,
Jamaica,2005,9.7,
Jamaica,2000,,
Jamaica,1995,9.9,
Jamaica,1990,,
Japan,2015,,
Japan,2010,,
Japan,2005,,
Japan,2000,20.9,
Japan,1995,20.7,
Japan,1990,21.3,
Jordan,2015,,
Jordan,2010,,
Jordan,2005,92.4,
Jordan,2000,,
Jordan,1995,,
Jordan,1990,100,
Kazakhstan,2015,,
Kazakhstan,2010,18.4,
Kazakhstan,2005,18.3,
Kazakhstan,2000,17.2,
Kazakhstan,1995,29.6,
Kazakhstan,1990,,
Kenya,2015,,
Kenya,2010,,
Kenya,2005,8.9,
Kenya,2000,,
Kenya,1995,,
Kenya,1990,6.7,
Kiribati,2015,,
Kiribati,2010,,
Kiribati,2005,,
Kiribati,2000,,
Kiribati,1995,,
Kiribati,1990,,
"Korea, Democratic People's Republic of",2015,,
"Korea, Democratic People's Republic of",2010,,
"Korea, Democratic People's Republic of",2005,11.2,
"Korea, Democratic People's Republic of",2000,,
"Korea, Democratic People's Republic of",1995,,
"Korea, Democratic People's Republic of",1990,,
"Korea, Republic of",2015,,
"Korea, Republic of",2010,,
"Korea, Republic of",2005,,
"Korea, Republic of",2000,36.5,
"Korea, Republic of",1995,,
"Korea, Republic of",1990,,
Kuwait,2015,,
Kuwait,2010,,
Kuwait,2005,,
Kuwait,2000,2075,
Kuwait,1995,1275,
Kuwait,1990,,
Kyrgyzstan,2015,,
Kyrgyzstan,2010,,
Kyrgyzstan,2005,32.6,
Kyrgyzstan,2000,41.4,
Kyrgyzstan,1995,41.4,
Kyrgyzstan,1990,,
Lao People's Democratic Republic,2015,,
Lao People's Democratic Republic,2010,,
Lao People's Democratic Republic,2005,1,
Lao People's Democratic Republic,2000,,
Lao People's Democratic Republic,1995,,
Lao People's Democratic Republic,1990,,
Latvia,2015,,
Latvia,2010,,
Latvia,2005,,
Latvia,2000,1.1,
Latvia,1995,0.8,
Latvia,1990,,
Lebanon,2015,,
Lebanon,2010,,
Lebanon,2005,24.3,
Lebanon,2000,28.1,
Lebanon,1995,28.7,
Lebanon,1990,,
Lesotho,2015,,
Lesotho,2010,,
Lesotho,2005,,
Lesotho,2000,1.4,
Lesotho,1995,,
Lesotho,1990,,
Liberia,2015,,
Liberia,2010,,
Liberia,2005,,
Liberia,2000,0.06,
Liberia,1995,,
Liberia,1990,,
Libyan Arab Jamahiriya,2015,,
Libyan Arab Jamahiriya,2010,,
Libyan Arab Jamahiriya,2005,,
Libyan Arab Jamahiriya,2000,615.4,
Libyan Arab Jamahiriya,1995,657.1,
Libyan Arab Jamahiriya,1990,680,
Liechtenstein,2015,,
Liechtenstein,2010,,
Liechtenstein,2005,,
Liechtenstein,2000,,
Liechtenstein,1995,,
Liechtenstein,1990,,
Lithuania,2015,,
Lithuania,2010,,
Lithuania,2005,9.5,
Lithuania,2000,11.2,
Lithuania,1995,1,
Lithuania,1990,,
Luxembourg,2015,,
Luxembourg,2010,,
Luxembourg,2005,,
Luxembourg,2000,1.7,
Luxembourg,1995,1.6,
Luxembourg,1990,1.7,
Madagascar,2015,,
Madagascar,2010,,
Madagascar,2005,,
Madagascar,2000,4.9,
Madagascar,1995,,
Madagascar,1990,,
Malawi,2015,,
Malawi,2010,,
Malawi,2005,7.9,
Malawi,2000,7.7,
Malawi,1995,5.4,
Malawi,1990,,
Malaysia,2015,,
Malaysia,2010,,
Malaysia,2005,1.9,
Malaysia,2000,1.6,
Malaysia,1995,0.9,
Malaysia,1990,1.7,
Maldives,2015,,
Maldives,2010,15.7,
Maldives,2005,,
Maldives,2000,,
Maldives,1995,,
Maldives,1990,,
Mali,2015,,
Mali,2010,,
Mali,2005,4.3,
Mali,2000,,
Mali,1995,,
Mali,1990,,
Malta,2015,,
Malta,2010,,
Malta,2005,,
Malta,2000,67.3,
Malta,1995,58.4,
Malta,1990,,
Marshall Islands,2015,,
Marshall Islands,2010,,
Marshall Islands,2005,,
Marshall Islands,2000,,
Marshall Islands,1995,,
Marshall Islands,1990,,
Mauritania,2015,,
Mauritania,2010,,
Mauritania,2005,11.8,
Mauritania,2000,14,
Mauritania,1995,,
Mauritania,1990,,
Mauritius,2015,,
Mauritius,2010,,
Mauritius,2005,26.4,
Mauritius,2000,22.2,
Mauritius,1995,22.4,
Mauritius,1990,20.6,
Mexico,2015,,
Mexico,2010,17.2,
Mexico,2005,17,
Mexico,2000,15.7,
Mexico,1995,,
Mexico,1990,,
"Micronesia, Federated States of",2015,,
"Micronesia, Federated States of",2010,,
"Micronesia, Federated States of",2005,,
"Micronesia, Federated States of",2000,,
"Micronesia, Federated States of",1995,,
"Micronesia, Federated States of",1990,,
Monaco,2015,,
Monaco,2010,,
Monaco,2005,,
Monaco,2000,,
Monaco,1995,,
Monaco,1990,,
Mongolia,2015,,
Mongolia,2010,1.6,
Mongolia,2005,1.6,
Mongolia,2000,,
Mongolia,1995,1.2,
Mongolia,1990,,
Montenegro,2015,,
Montenegro,2010,,
Montenegro,2005,,
Montenegro,2000,,
Montenegro,1995,,
Montenegro,1990,,
Morocco,2015,,
Morocco,2010,35.7,
Morocco,2005,,
Morocco,2000,51.1,
Morocco,1995,38.8,
Morocco,1990,38.1,
Mozambique,2015,,
Mozambique,2010,,
Mozambique,2005,,
Mozambique,2000,0.4,
Mozambique,1995,,
Mozambique,1990,0.3,
Myanmar,2015,,
Myanmar,2010,,
Myanmar,2005,,
Myanmar,2000,2.8,
Myanmar,1995,,
Myanmar,1990,,
Namibia,2015,,
Namibia,2010,,
Namibia,2005,,
Namibia,2000,0.7,
Namibia,1995,0.7,
Namibia,1990,0.6,
Nauru,2015,,
Nauru,2010,,
Nauru,2005,,
Nauru,2000,,
Nauru,1995,,
Nauru,1990,,
Nepal,2015,,
Nepal,2010,,
Nepal,2005,4.5,
Nepal,2000,4.5,
Nepal,1995,,
Nepal,1990,,
Netherlands,2015,,
Netherlands,2010,11.7,
Netherlands,2005,12.6,
Netherlands,2000,9.8,
Netherlands,1995,,
Netherlands,1990,8.8,
New Zealand,2015,,
New Zealand,2010,,
New Zealand,2005,,
New Zealand,2000,1.5,
New Zealand,1995,,
New Zealand,1990,,
Nicaragua,2015,,
Nicaragua,2010,0.9,
Nicaragua,2005,,
Nicaragua,2000,0.8,
Nicaragua,1995,,
Nicaragua,1990,,
Niger,2015,,
Niger,2010,,
Niger,2005,2.9,
Niger,2000,,
Niger,1995,,
Niger,1990,1.5,
Nigeria,2015,,
Nigeria,2010,,
Nigeria,2005,4.6,
Nigeria,2000,3.6,
Nigeria,1995,,
Nigeria,1990,,
Niue,2015,,
Niue,2010,,
Niue,2005,,
Niue,2000,,
Niue,1995,,
Niue,1990,,
Norway,2015,,
Norway,2010,,
Norway,2005,0.7,
Norway,2000,0.6,
Norway,1995,,
Norway,1990,,
Oman,2015,,
Oman,2010,,
Oman,2005,84.7,
Oman,2000,92.9,
Oman,1995,,
Oman,1990,85.5,
Pakistan,2015,,
Pakistan,2010,74.4,
Pakistan,2005,,
Pakistan,2000,69.9,
Pakistan,1995,,
Pakistan,1990,63,
Palau,2015,,
Palau,2010,,
Palau,2005,,
Palau,2000,,
Palau,1995,,
Palau,1990,,
Panama,2015,,
Panama,2010,0.7,
Panama,2005,,
Panama,2000,,
Panama,1995,,
Panama,1990,,
Papua New Guinea,2015,,
Papua New Guinea,2010,,
Papua New Guinea,2005,0.05,
Papua New Guinea,2000,0.03,
Papua New Guinea,1995,,
Papua New Guinea,1990,,
Paraguay,2015,,
Paraguay,2010,0.6,
Paraguay,2005,,
Paraguay,2000,0.1,
Paraguay,1995,,
Paraguay,1990,,
Peru,2015,,
Peru,2010,0.7,
Peru,2005,,
Peru,2000,,
Peru,1995,,
Peru,1990,,
Philippines,2015,,
Philippines,2010,17,
Philippines,2005,16.5,
Philippines,2000,,
Philippines,1995,,
Philippines,1990,,
Poland,2015,,
Poland,2010,19.4,
Poland,2005,20.6,
Poland,2000,20.9,
Poland,1995,,
Poland,1990,24.6,
Portugal,2015,,
Portugal,2010,,
Portugal,2005,,
Portugal,2000,10.9,
Portugal,1995,,
Portugal,1990,,
Puerto Rico,2015,,
Puerto Rico,2010,,
Puerto Rico,2005,14,
Puerto Rico,2000,12.1,
Puerto Rico,1995,11.6,
Puerto Rico,1990,11.2,
Qatar,2015,,
Qatar,2010,,
Qatar,2005,374.1,
Qatar,2000,282.6,
Qatar,1995,277.1,
Qatar,1990,,
Republic of Moldova,2015,,
Republic of Moldova,2010,,
Republic of Moldova,2005,9.1,
Republic of Moldova,2000,,
Republic of Moldova,1995,,
Republic of Moldova,1990,25.4,
Romania,2015,,
Romania,2010,3.2,
Romania,2005,4,
Romania,2000,4.4,
Romania,1995,5.9,
Romania,1990,9.6,
Russian Federation,2015,,
Russian Federation,2010,,
Russian Federation,2005,,
Russian Federation,2000,1.5,
Russian Federation,1995,1.7,
Russian Federation,1990,,
Rwanda,2015,,
Rwanda,2010,,
Rwanda,2005,,
Rwanda,2000,1.1,
Rwanda,1995,,
Rwanda,1990,,
Saint Kitts and Nevis,2015,,
Saint Kitts and Nevis,2010,51,
Saint Kitts and Nevis,2005,,
Saint Kitts and Nevis,2000,,
Saint Kitts and Nevis,1995,,
Saint Kitts and Nevis,1990,,
Saint Lucia,2015,,
Saint Lucia,2010,,
Saint Lucia,2005,,
Saint Lucia,2000,,
Saint Lucia,1995,,
Saint Lucia,1990,,
Saint Vincent and the Grenadines,2015,,
Saint Vincent and the Grenadines,2010,,
Saint Vincent and the Grenadines,2005,,
Saint Vincent and the Grenadines,2000,,
Saint Vincent and the Grenadines,1995,,
Saint Vincent and the Grenadines,1990,,
Samoa,2015,,
Samoa,2010,,
Samoa,2005,,
Samoa,2000,,
Samoa,1995,,
Samoa,1990,,
San Marino,2015,,
San Marino,2010,,
San Marino,2005,,
San Marino,2000,,
San Marino,1995,,
San Marino,1990,,
Sao Tome and Principe,2015,,
Sao Tome and Principe,2010,,
Sao Tome and Principe,2005,,
Sao Tome and Principe,2000,,
Sao Tome and Principe,1995,0.3,
Sao Tome and Principe,1990,,
Saudi Arabia,2015,,
Saudi Arabia,2010,,
Saudi Arabia,2005,938.1,
Saudi Arabia,2000,,
Saudi Arabia,1995,,
Saudi Arabia,1990,671.7,
Senegal,2015,,
Senegal,2010,,
Senegal,2005,,
Senegal,2000,5.7,
Senegal,1995,,
Senegal,1990,,
Serbia,2015,,
Serbia,2010,2.5,
Serbia,2005,2.4,
Serbia,2000,,
Serbia,1995,,
Serbia,1990,,
Seychelles,2015,,
Seychelles,2010,,
Seychelles,2005,,
Seychelles,2000,,
Seychelles,1995,,
Seychelles,1990,,
Sierra Leone,2015,,
Sierra Leone,2010,,
Sierra Leone,2005,0.1,
Sierra Leone,2000,0.1,
Sierra Leone,1995,,
Sierra Leone,1990,,
Singapore,2015,,
Singapore,2010,,
Singapore,2005,,
Singapore,2000,,
Singapore,1995,,
Singapore,1990,,
Slovakia,2015,,
Slovakia,2010,,
Slovakia,2005,1.4,
Slovakia,2000,2.3,
Slovakia,1995,2.6,
Slovakia,1990,,
Slovenia,2015,,
Slovenia,2010,3,
Slovenia,2005,2.9,
Slovenia,2000,1,
Slovenia,1995,,
Slovenia,1990,,
Solomon Islands,2015,,
Solomon Islands,2010,,
Solomon Islands,2005,,
Solomon Islands,2000,,
Solomon Islands,1995,,
Solomon Islands,1990,,
Somalia,2015,,
Somalia,2010,,
Somalia,2005,22.4,
Somalia,2000,22.4,
Somalia,1995,,
Somalia,1990,,
South Africa,2015,,
South Africa,2010,,
South Africa,2005,,
South Africa,2000,24.2,
South Africa,1995,25.1,
South Africa,1990,25.9,
South Sudan,2015,,
South Sudan,2010,1.3,
South Sudan,2005,,
South Sudan,2000,,
South Sudan,1995,,
South Sudan,1990,,
Spain,2015,,
Spain,2010,28.6,
Spain,2005,28.7,
Spain,2000,31.9,
Spain,1995,30.9,
Spain,1990,33,
Sri Lanka,2015,,
Sri Lanka,2010,,
Sri Lanka,2005,24.5,
Sri Lanka,2000,24.6,
Sri Lanka,1995,,
Sri Lanka,1990,18.5,
State of Palestine,2015,,
State of Palestine,2010,,
State of Palestine,2005,48.7,
State of Palestine,2000,32.1,
State of Palestine,1995,,
State of Palestine,1990,,
Sudan,2015,,
Sudan,2010,71.2,
Sudan,2005,,
Sudan,2000,,
Sudan,1995,,
Sudan,1990,,
Suriname,2015,,
Suriname,2010,,
Suriname,2005,0.6,
Suriname,2000,0.7,
Suriname,1995,,
Suriname,1990,,
Swaziland,2015,,
Swaziland,2010,,
Swaziland,2005,,
Swaziland,2000,23.1,
Swaziland,1995,,
Swaziland,1990,,
Sweden,2015,,
Sweden,2010,,
Sweden,2005,1.5,
Sweden,2000,1.5,
Sweden,1995,1.6,
Sweden,1990,1.7,
Switzerland,2015,,
Switzerland,2010,,
Switzerland,2005,,
Switzerland,2000,4.9,
Switzerland,1995,,
Switzerland,1990,,
Syrian Arab Republic,2015,,
Syrian Arab Republic,2010,,
Syrian Arab Republic,2005,84.2,
Syrian Arab Republic,2000,97.4,
Syrian Arab Republic,1995,85.9,
Syrian Arab Republic,1990,,
Tajikistan,2015,,
Tajikistan,2010,,
Tajikistan,2005,51.1,
Tajikistan,2000,53.2,
Tajikistan,1995,52.6,
Tajikistan,1990,,
Thailand,2015,,
Thailand,2010,,
Thailand,2005,13.1,
Thailand,2000,,
Thailand,1995,,
Thailand,1990,,
The former Yugoslav Republic of Macedonia,2015,,
The former Yugoslav Republic of Macedonia,2010,,
The former Yugoslav Republic of Macedonia,2005,16.1,
The former Yugoslav Republic of Macedonia,2000,9.2,
The former Yugoslav Republic of Macedonia,1995,24.3,
The former Yugoslav Republic of Macedonia,1990,,
Timor-Leste,2015,,
Timor-Leste,2010,,
Timor-Leste,2005,14.3,
Timor-Leste,2000,,
Timor-Leste,1995,,
Timor-Leste,1990,,
Togo,2015,,
Togo,2010,,
Togo,2005,,
Togo,2000,1.1,
Togo,1995,,
Togo,1990,,
Tokelau,2015,,
Tokelau,2010,,
Tokelau,2005,,
Tokelau,2000,,
Tokelau,1995,,
Tokelau,1990,,
Tonga,2015,,
Tonga,2010,,
Tonga,2005,,
Tonga,2000,,
Tonga,1995,,
Tonga,1990,,
Trinidad and Tobago,2015,,
Trinidad and Tobago,2010,9.9,
Trinidad and Tobago,2005,,
Trinidad and Tobago,2000,6,
Trinidad and Tobago,1995,7.7,
Trinidad and Tobago,1990,,
Tunisia,2015,,
Tunisia,2010,69.7,
Tunisia,2005,,
Tunisia,2000,60.9,
Tunisia,1995,61.7,
Tunisia,1990,66.5,
Turkey,2015,,
Turkey,2010,,
Turkey,2005,18.9,
Turkey,2000,19.8,
Turkey,1995,,
Turkey,1990,14.9,
Turkmenistan,2015,,
Turkmenistan,2010,,
Turkmenistan,2005,112.5,
Turkmenistan,2000,100.2,
Turkmenistan,1995,95.7,
Turkmenistan,1990,,
Tuvalu,2015,,
Tuvalu,2010,,
Tuvalu,2005,,
Tuvalu,2000,,
Tuvalu,1995,,
Tuvalu,1990,,
Uganda,2015,,
Uganda,2010,1.1,
Uganda,2005,,
Uganda,2000,0.5,
Uganda,1995,,
Uganda,1990,,
Ukraine,2015,,
Ukraine,2010,,
Ukraine,2005,13.8,
Ukraine,2000,,
Ukraine,1995,,
Ukraine,1990,18.6,
United Arab Emirates,2015,,
United Arab Emirates,2010,,
United Arab Emirates,2005,1866.7,
United Arab Emirates,2000,1555.8,
United Arab Emirates,1995,1148.7,
United Arab Emirates,1990,,
United Kingdom,2015,,
United Kingdom,2010,,
United Kingdom,2005,8.8,
United Kingdom,2000,10.6,
United Kingdom,1995,8.2,
United Kingdom,1990,8.2,
United Republic of Tanzania,2015,,
United Republic of Tanzania,2010,,
United Republic of Tanzania,2005,,
United Republic of Tanzania,2000,5.4,
United Republic of Tanzania,1995,,
United Republic of Tanzania,1990,,
United States,2015,,
United States,2010,,
United States,2005,15.5,
United States,2000,15.3,
United States,1995,15.2,
United States,1990,15,
Uruguay,2015,,
Uruguay,2010,,
Uruguay,2005,,
Uruguay,2000,2.1,
Uruguay,1995,,
Uruguay,1990,,
Uzbekistan,2015,,
Uzbekistan,2010,,
Uzbekistan,2005,100.6,
Uzbekistan,2000,110,
Uzbekistan,1995,110,
Uzbekistan,1990,,
Vanuatu,2015,,
Vanuatu,2010,,
Vanuatu,2005,,
Vanuatu,2000,,
Vanuatu,1995,,
Vanuatu,1990,,
Venezuela,2015,,
Venezuela,2010,,
Venezuela,2005,1.7,
Venezuela,2000,0.7,
Venezuela,1995,,
Venezuela,1990,,
Viet Nam,2015,,
Viet Nam,2010,,
Viet Nam,2005,9.3,
Viet Nam,2000,,
Viet Nam,1995,,
Viet Nam,1990,,
Yemen,2015,,
Yemen,2010,,
Yemen,2005,168.3,
Yemen,2000,161.1,
Yemen,1995,,
Yemen,1990,139.1,
Zambia,2015,,
Zambia,2010,,
Zambia,2005,,
Zambia,2000,1.5,
Zambia,1995,1.6,
Zambia,1990,1.7,
Zimbabwe,2015,,
Zimbabwe,2010,,
Zimbabwe,2005,,
Zimbabwe,2000,21,
Zimbabwe,1995,,
Zimbabwe,1990,,